media_id,title,author,published_date,published_time,thumbnail_url,image_urls,local_paths,url
259,カラオケがライブ会場,カウンターサイド,2023-04-11,2:44 오전,https://www.counterside.com/datas/seditor/thumb/ec7c57e6e724754da6bf41e92c3e6896_thum.jpg,https://www.counterside.com/datas/seditor/ec7c57e6e724754da6bf41e92c3e6896.jpg,カラオケがライブ会場/1.jpg,https://www.counterside.com/media/item/ct/jp/tbl/media/idx/259/P1
258,リタお姉ちゃんは心配,カウンターサイド,2023-04-11,2:44 오전,https://www.counterside.com/datas/seditor/thumb/66efb0e7cc461e262da7a570149e5fd0_thum.jpg,https://www.counterside.com/datas/seditor/66efb0e7cc461e262da7a570149e5fd0.jpg,リタお姉ちゃんは心配/1.jpg,https://www.counterside.com/media/item/ct/jp/tbl/media/idx/258/P1
257,ルミの天秤,カウンターサイド,2023-04-11,2:43 오전,https://www.counterside.com/datas/seditor/thumb/9c1610e9a1a68afb0bdc99c33e2082dc_thum.jpg,https://www.counterside.com/datas/seditor/9c1610e9a1a68afb0bdc99c33e2082dc.jpg,ルミの天秤/1.jpg,https://www.counterside.com/media/item/ct/jp/tbl/media/idx/257/P1
256,コンビニアポカリプス,カウンターサイド,2023-04-11,2:43 오전,https://www.counterside.com/datas/seditor/thumb/fa48485bf2c2b5fd959448b9ddd6a651_thum.jpg,https://www.counterside.com/datas/seditor/fa48485bf2c2b5fd959448b9ddd6a651.jpg,コンビニアポカリプス/1.jpg,https://www.counterside.com/media/item/ct/jp/tbl/media/idx/256/P1
255,履いてるもん!!,カウンターサイド,2023-04-11,2:43 오전,https://www.counterside.com/datas/seditor/thumb/41d606cd706f3ef49fb08d4823014ad1_thum.jpg,https://www.counterside.com/datas/seditor/41d606cd706f3ef49fb08d4823014ad1.jpg,履いてるもん!!/1.jpg,https://www.counterside.com/media/item/ct/jp/tbl/media/idx/255/P1
254,広報活動②,カウンターサイド,2023-04-11,2:42 오전,https://www.counterside.com/datas/seditor/thumb/eca0781d6186b98c8559860a9a649ea9_thum.jpg,https://www.counterside.com/datas/seditor/eca0781d6186b98c8559860a9a649ea9.jpg,広報活動②/1.jpg,https://www.counterside.com/media/item/ct/jp/tbl/media/idx/254/P1
253,広報活動①,カウンターサイド,2023-04-11,2:42 오전,https://www.counterside.com/datas/seditor/thumb/190dace42b62a35fafca264c0c62b808_thum.jpg,https://www.counterside.com/datas/seditor/190dace42b62a35fafca264c0c62b808.jpg,広報活動①/1.jpg,https://www.counterside.com/media/item/ct/jp/tbl/media/idx/253/P1
252,チグハグクラス,カウンターサイド,2023-04-11,2:41 오전,https://www.counterside.com/datas/seditor/thumb/583b582b7b5106af1067d0fb9c8542b2_thum.jpg,https://www.counterside.com/datas/seditor/583b582b7b5106af1067d0fb9c8542b2.jpg,チグハグクラス/1.jpg,https://www.counterside.com/media/item/ct/jp/tbl/media/idx/252/P1
251,カウンターとは,カウンターサイド,2023-04-11,2:40 오전,https://www.counterside.com/datas/seditor/thumb/03640e7c8a83666e682eebbee7a3ea0b_thum.jpg,https://www.counterside.com/datas/seditor/03640e7c8a83666e682eebbee7a3ea0b.jpg,カウンターとは/1.jpg,https://www.counterside.com/media/item/ct/jp/tbl/media/idx/251/P1
